,Circuit,contentores,tipo,volume,percentagem,estado,Recolhidos,Fora do Contentor,Uso Comercial,Latitude,Longitude,%_recolhidos,vol_instalado_m3,vol_cont_recolhidos_m3,vol_recolhido_m3
0,4,1,Rectangular c/ rodas,1100,0.5,Bom,1,Não,Não,37.144729,-8.548999,1.0,1.1,1.1,0.55
1,4,2,Rectangular c/ rodas,1100,0.5,Bom,2,Não,Não,37.144659,-8.551605,1.0,2.2,2.2,1.1
2,2,3,Rectangular c/ rodas,1100,1.0,Bom,2,Não,Não,37.132873,-8.543445,0.6666666666666666,3.3000000000000003,2.2,2.2
3,4,4,Rectangular c/ rodas,1100,0.75,Bom,4,Não,Não,37.145611,-8.552184,1.0,4.4,4.4,3.3000000000000003
4,4,2,Rectangular c/ rodas,1100,0.75,Bom,2,Não,Não,37.146479,-8.554225,1.0,2.2,2.2,1.6500000000000001
5,2,2,Contentor semi-enterrado,3000,0.5,Bom,2,Não,Não,37.132178,-8.542857,1.0,6.0,6.0,3.0
6,4,3,Rectangular c/ rodas,1100,0.75,Bom,3,Não,Não,37.14639,-8.555024,1.0,3.3000000000000003,3.3000000000000003,2.475
7,2,3,Contentor semi-enterrado,3000,0.75,Bom,2,Não,Não,37.131525,-8.543819,0.6666666666666666,9.0,6.0,4.5
8,4,1,Contentor semi-enterrado,3000,0.75,Bom,1,Não,Não,37.146884,-8.558688,1.0,3.0,3.0,2.25
9,2,2,Contentor semi-enterrado,3000,0.75,Bom,2,Não,Não,37.131241,-8.54443,1.0,6.0,6.0,4.5
10,4,1,Contentor semi-enterrado,3000,0.75,Bom,1,Não,Não,37.147146,-8.559262,1.0,3.0,3.0,2.25
11,2,2,Contentor semi-enterrado,3000,1.0,Bom,1,Sim,Não,37.130493,-8.544502,0.5,6.0,3.0,3.0
12,4,1,Rectangular c/ rodas,120,1.0,Bom,1,Não,Não,37.150846,-8.56302,1.0,0.12,0.12,0.12
13,2,2,Contentor semi-enterrado,3000,0.75,Bom,2,Não,Não,37.130337,-8.54365,1.0,6.0,6.0,4.5
14,4,3,Contentor semi-enterrado,3000,0.75,Bom,3,Não,Não,37.149838,-8.562878,1.0,9.0,9.0,6.75
15,2,3,Contentor semi-enterrado,3000,0.75,Bom,3,Não,Não,37.131436,-8.543421,1.0,9.0,9.0,6.75
16,4,1,Contentor semi-enterrado,3000,0.5,Bom,1,Não,Não,37.14848,-8.561535,1.0,3.0,3.0,1.5
17,2,3,Contentor semi-enterrado,3000,0.75,Bom,3,Não,Não,37.131526,-8.541816,1.0,9.0,9.0,6.75
18,4,2,Rectangular c/ rodas,1100,1.0,Bom,2,Não,Não,37.148176,-8.559997,1.0,2.2,2.2,2.2
19,4,2,Rectangular c/ rodas,1100,0.75,Bom,2,Não,Não,37.147462,-8.558012,1.0,2.2,2.2,1.6500000000000001
20,2,2,Contentor semi-enterrado,3000,0.75,Bom,2,Não,Não,37.132542,-8.542214,1.0,6.0,6.0,4.5
21,4,2,Contentor semi-enterrado,3000,0.5,Bom,2,Não,Não,37.146726,-8.558314,1.0,6.0,6.0,3.0
22,2,1,Contentor semi-enterrado,3000,0.75,Bom,1,Não,Não,37.132794,-8.538279,1.0,3.0,3.0,2.25
23,2,3,Contentor semi-enterrado,3000,0.75,Bom,2,Não,Não,37.131685,-8.538739,0.6666666666666666,9.0,6.0,4.5
24,2,4,Contentor semi-enterrado,3000,0.75,Bom,3,Não,Não,37.130579,-8.539691,0.75,12.0,9.0,6.75
25,2,3,Contentor semi-enterrado,3000,0.75,Bom,2,Não,Não,37.129647,-8.539728,0.6666666666666666,9.0,6.0,4.5
26,4,3,Contentor semi-enterrado,3000,0.75,Bom,3,Não,Não,37.144615,-8.560501,1.0,9.0,9.0,6.75
27,4,2,Contentor semi-enterrado,3000,0.75,Bom,2,Não,Não,37.144353,-8.559795,1.0,6.0,6.0,4.5
28,2,2,Contentor semi-enterrado,3000,0.5,Bom,2,Não,Não,37.13242,-8.538783,1.0,6.0,6.0,3.0
29,2,3,Contentor semi-enterrado,3000,0.5,Bom,3,Não,Não,37.132302,-8.540695,1.0,9.0,9.0,4.5
30,4,1,Contentor semi-enterrado,3000,0.75,Bom,1,Não,Não,37.144623,-8.558955,1.0,3.0,3.0,2.25
31,2,2,Contentor semi-enterrado,3000,0.75,Bom,2,Não,Não,37.13144,-8.540291,1.0,6.0,6.0,4.5
32,4,2,Contentor semi-enterrado,3000,0.0,Bom,2,Não,Não,37.14357,-8.557785,1.0,6.0,6.0,0.0
33,4,2,Rectangular c/ rodas,1100,1.0,Bom,2,Não,Não,37.143577,-8.559097,1.0,2.2,2.2,2.2
34,4,1,Contentor semi-enterrado,3000,0.75,Bom,1,Não,Não,37.143196,-8.556214,1.0,3.0,3.0,2.25
35,2,4,Contentor semi-enterrado,3000,0.75,Bom,2,Não,Não,37.129943,-8.540896,0.5,12.0,6.0,4.5
36,4,2,Contentor semi-enterrado,3000,0.75,Bom,1,Não,Não,37.144829,-8.556207,0.5,6.0,3.0,2.25
37,2,1,Contentor semi-enterrado,3000,0.5,Bom,1,Não,Não,37.129979,-8.542106,1.0,3.0,3.0,1.5
38,4,1,Rectangular c/ rodas,1100,0.75,Bom,1,Não,Não,37.144902,-8.556175,1.0,1.1,1.1,0.8250000000000001
39,4,1,Contentor semi-enterrado,3000,0.0,Bom,0,Não,Não,37.144352,-8.552237,0.0,3.0,0.0,0.0
40,2,2,Contentor semi-enterrado,3000,0.5,Razoável,2,Não,Não,37.128886,-8.542745,1.0,6.0,6.0,3.0
41,4,1,Rectangular c/ rodas,1100,1.0,Bom,1,Não,Não,37.143892,-8.55232,1.0,1.1,1.1,1.1
42,4,1,Contentor semi-enterrado,3000,0.75,Bom,1,Não,Não,37.144026,-8.553766,1.0,3.0,3.0,2.25
43,2,2,Contentor semi-enterrado,3000,0.5,Bom,1,Não,Não,37.127547,-8.543245,0.5,6.0,3.0,1.5
44,4,2,Rectangular c/ rodas,1100,1.0,Bom,2,Não,Não,37.143073,-8.553542,1.0,2.2,2.2,2.2
45,2,2,Contentor semi-enterrado,3000,1.0,Bom,2,Não,Não,37.128732,-8.542508,1.0,6.0,6.0,6.0
46,4,1,Rectangular c/ rodas,1100,1.0,Bom,1,Não,Não,37.141079,-8.551498,1.0,1.1,1.1,1.1
47,4,1,Contentor semi-enterrado,3000,0.75,Bom,1,Não,Não,37.141778,-8.550207,1.0,3.0,3.0,2.25
48,2,2,Contentor semi-enterrado,3000,0.5,Bom,2,Não,Não,37.127061,-8.544296,1.0,6.0,6.0,3.0
49,4,2,Contentor semi-enterrado,3000,0.75,Bom,2,Não,Não,37.142303,-8.550382,1.0,6.0,6.0,4.5
50,2,3,Contentor semi-enterrado,3000,0.75,Bom,3,Não,Não,37.127888,-8.545758,1.0,9.0,9.0,6.75
51,4,1,Contentor semi-enterrado,3000,1.0,Bom,1,Não,Não,37.143544,-8.550435,1.0,3.0,3.0,3.0
52,4,2,Rectangular c/ rodas,1100,0.75,Bom,2,Não,Não,37.142799,-8.552139,1.0,2.2,2.2,1.6500000000000001
53,4,2,Contentor semi-enterrado,3000,0.75,Bom,2,Sim,Não,37.142138,-8.554214,1.0,6.0,6.0,4.5
54,2,1,Contentor semi-enterrado,3000,0.5,Bom,1,Não,Não,37.127388,-8.539982,1.0,3.0,3.0,1.5
55,2,3,Contentor semi-enterrado,3000,0.75,Bom,2,Não,Não,37.125675,-8.540502,0.6666666666666666,9.0,6.0,4.5
56,4,1,Contentor semi-enterrado,3000,0.75,Bom,1,Não,Não,37.141262,-8.552657,1.0,3.0,3.0,2.25
57,4,3,Rectangular c/ rodas,1100,0.5,Bom,3,Sim,Não,37.138994,-8.554458,1.0,3.3000000000000003,3.3000000000000003,1.6500000000000001
58,2,2,Contentor semi-enterrado,3000,0.5,Bom,2,Não,Não,37.125489,-8.541853,1.0,6.0,6.0,3.0
59,4,1,Contentor semi-enterrado,3000,1.0,Bom,1,Não,Não,37.140729,-8.556175,1.0,3.0,3.0,3.0
60,2,2,Contentor semi-enterrado,3000,0.5,Bom,2,Não,Não,37.126149,-8.538172,1.0,6.0,6.0,3.0
61,4,1,Contentor semi-enterrado,3000,0.75,Bom,1,Não,Não,37.140418,-8.559351,1.0,3.0,3.0,2.25
62,4,2,Contentor semi-enterrado,3000,0.75,Bom,2,Não,Não,37.140418,-8.559351,1.0,6.0,6.0,4.5
63,2,2,Contentor semi-enterrado,3000,0.75,Bom,1,Sim,Não,37.122883,-8.535954,0.5,6.0,3.0,2.25
64,4,1,Contentor semi-enterrado,3000,0.75,Bom,1,Não,Não,37.141353,-8.560623,1.0,3.0,3.0,2.25
65,2,3,Contentor semi-enterrado,3000,1.0,Bom,3,Não,Não,37.124682,-8.536359,1.0,9.0,9.0,9.0
66,4,2,Contentor semi-enterrado,3000,0.75,Bom,2,Não,Não,37.14185,-8.561364,1.0,6.0,6.0,4.5
67,2,1,Contentor semi-enterrado,3000,0.75,Bom,1,Não,Não,37.126451,-8.536474,1.0,3.0,3.0,2.25
68,4,1,Contentor semi-enterrado,3000,0.75,Bom,1,Sim,Não,37.142862,-8.561738,1.0,3.0,3.0,2.25
69,2,3,Contentor semi-enterrado,3000,0.5,Bom,3,Não,Não,37.127525,-8.53479,1.0,9.0,9.0,4.5
70,4,2,Contentor semi-enterrado,3000,0.75,Bom,2,Não,Não,37.142006,-8.563126,1.0,6.0,6.0,4.5
71,4,2,Contentor semi-enterrado,3000,1.0,Bom,2,Não,Não,37.140522,-8.562302,1.0,6.0,6.0,6.0
72,2,3,Contentor semi-enterrado,3000,0.75,Bom,2,Não,Não,37.126369,-8.535894,0.6666666666666666,9.0,6.0,4.5
73,4,3,Contentor semi-enterrado,3000,0.75,Bom,1,Não,Não,37.139923,-8.560084,0.3333333333333333,9.0,3.0,2.25
74,2,2,Contentor semi-enterrado,3000,0.5,Bom,1,Não,Não,37.123959,-8.537027,0.5,6.0,3.0,1.5
75,2,2,Contentor semi-enterrado,3000,0.75,Bom,1,Não,Não,37.126055,-8.537357,0.5,6.0,3.0,2.25
76,2,2,Contentor semi-enterrado,3000,0.75,Bom,2,Não,Não,37.127267,-8.538574,1.0,6.0,6.0,4.5
77,2,1,Contentor semi-enterrado,3000,0.75,Bom,1,Não,Não,37.12774,-8.537411,1.0,3.0,3.0,2.25
78,2,1,Contentor semi-enterrado,3000,0.5,Bom,1,Não,Não,37.128131,-8.538822,1.0,3.0,3.0,1.5
79,2,2,Contentor semi-enterrado,3000,1.0,Bom,2,Não,Não,37.128464,-8.539873,1.0,6.0,6.0,6.0
80,2,2,Rectangular c/ rodas,1100,0.25,Bom,1,Não,Não,37.127377,-8.531184,0.5,2.2,1.1,0.275
81,2,1,Rectangular c/ rodas,1100,1.0,Bom,1,Não,Não,37.129541,-8.531811,1.0,1.1,1.1,1.1
82,2,2,Contentor semi-enterrado,3000,0.5,Bom,2,Não,Não,37.126481,-8.534424,1.0,6.0,6.0,3.0
83,2,3,Rectangular c/ rodas,1100,1.0,Bom,3,Não,Não,37.129745,-8.533846,1.0,3.3000000000000003,3.3000000000000003,3.3000000000000003
84,4,1,Rectangular c/ rodas,1100,0.5,Bom,1,Não,Não,37.142141,-8.564316,1.0,1.1,1.1,0.55
85,4,1,Contentor semi-enterrado,3000,0.75,Bom,1,Não,Não,37.145627,-8.564521,1.0,3.0,3.0,2.25
86,2,3,Contentor semi-enterrado,3000,0.5,Bom,1,Não,Não,37.130725,-8.53507,0.3333333333333333,9.0,3.0,1.5
87,4,1,Contentor semi-enterrado,3000,0.5,Bom,1,Não,Não,37.145893,-8.56317,1.0,3.0,3.0,1.5
88,2,3,Contentor semi-enterrado,3000,0.75,Bom,2,Não,Não,37.129677,-8.53405,0.6666666666666666,9.0,6.0,4.5
89,4,1,Contentor semi-enterrado,3000,0.0,Bom,0,Não,Não,37.144898,-8.565498,0.0,3.0,0.0,0.0
90,4,1,Rectangular c/ rodas,1100,0.0,Bom,0,Não,Não,37.149864,-8.567631,0.0,1.1,0.0,0.0
91,2,2,Rectangular c/ rodas,1100,0.75,Bom,2,Não,Não,37.129393,-8.535592,1.0,2.2,2.2,1.6500000000000001
92,4,1,Contentor semi-enterrado,3000,0.5,Bom,1,Não,Não,37.150582,-8.568328,1.0,3.0,3.0,1.5
93,4,2,Rectangular c/ rodas,1100,0.75,Razoável,2,Não,Não,37.148926,-8.568421,1.0,2.2,2.2,1.6500000000000001
94,2,3,Rectangular c/ rodas,1100,0.5,Bom,2,Não,Não,37.129204,-8.537198,0.6666666666666666,3.3000000000000003,2.2,1.1
95,4,1,Rectangular c/ rodas,1100,1.0,Razoável,1,Não,Não,37.144481,-8.566049,1.0,1.1,1.1,1.1
96,4,1,Contentor semi-enterrado,3000,1.0,Bom,1,Não,Não,37.143769,-8.56338,1.0,3.0,3.0,3.0
97,4,2,Contentor semi-enterrado,3000,0.75,Bom,2,Não,Não,37.144286,-8.562435,1.0,6.0,6.0,4.5
98,2,1,Rectangular c/ rodas,1100,0.75,Bom,1,Não,Não,37.134442,-8.538858,1.0,1.1,1.1,0.8250000000000001
99,2,3,Contentor semi-enterrado,3000,1.0,Razoável,3,Não,Não,37.134617,-8.537836,1.0,9.0,9.0,9.0
100,4,1,Rectangular c/ rodas,1100,1.0,Bom,1,Não,Sim,37.138952,-8.556812,1.0,1.1,1.1,1.1
101,4,1,Contentor semi-enterrado,3000,0.75,Bom,1,Não,Não,37.137111,-8.554262,1.0,3.0,3.0,2.25
102,4,1,Rectangular c/ rodas,1100,0.75,Bom,1,Não,Não,37.136459,-8.55484,1.0,1.1,1.1,0.8250000000000001
103,2,2,Contentor semi-enterrado,3000,0.75,Bom,2,Não,Não,37.135332,-8.537616,1.0,6.0,6.0,4.5
104,4,1,Contentor semi-enterrado,3000,0.5,Bom,1,Não,Não,37.136711,-8.560235,1.0,3.0,3.0,1.5
105,4,1,Contentor semi-enterrado,3000,1.0,Bom,1,Não,Não,37.136895,-8.562653,1.0,3.0,3.0,3.0
106,2,2,Contentor semi-enterrado,3000,0.5,Razoável,2,Não,Não,37.134563,-8.536686,1.0,6.0,6.0,3.0
107,4,1,Contentor semi-enterrado,3000,0.0,Bom,0,Não,Não,37.137197,-8.562657,0.0,3.0,0.0,0.0
108,4,1,Contentor semi-enterrado,3000,0.0,Bom,0,Não,Não,37.135813,-8.564347,0.0,3.0,0.0,0.0
109,2,2,Contentor semi-enterrado,3000,0.5,Bom,1,Não,Não,37.13294,-8.536643,0.5,6.0,3.0,1.5
110,4,2,Contentor semi-enterrado,3000,0.5,Razoável,2,Não,Não,37.136673,-8.564685,1.0,6.0,6.0,3.0
111,4,2,Contentor semi-enterrado,3000,0.5,Bom,2,Não,Não,37.136366,-8.565754,1.0,6.0,6.0,3.0
112,2,2,Contentor semi-enterrado,3000,1.0,Bom,1,Não,Não,37.131792,-8.537137,0.5,6.0,3.0,3.0
113,4,1,Rectangular c/ rodas,1100,0.5,Bom,1,Não,Não,37.134136,-8.56707,1.0,1.1,1.1,0.55
114,4,2,Rectangular c/ rodas,1100,0.75,Bom,2,Sim,Não,37.133816,-8.568979,1.0,2.2,2.2,1.6500000000000001
115,4,1,Contentor semi-enterrado,3000,0.0,Bom,1,Não,Não,37.134437,-8.569433,1.0,3.0,3.0,0.0
116,4,1,Contentor semi-enterrado,3000,0.5,Bom,1,Não,Não,37.13442,-8.569454,1.0,3.0,3.0,1.5
117,2,2,Contentor semi-enterrado,3000,0.5,Bom,2,Não,Não,37.131631,-8.535898,1.0,6.0,6.0,3.0
118,4,1,Contentor semi-enterrado,3000,0.75,Bom,1,Não,Não,37.135118,-8.569516,1.0,3.0,3.0,2.25
119,2,2,Contentor semi-enterrado,3000,0.5,Bom,1,Não,Não,37.131735,-8.534948,0.5,6.0,3.0,1.5
120,4,2,Rectangular c/ rodas,1100,0.25,Bom,2,Não,Não,37.134049,-8.570563,1.0,2.2,2.2,0.55
121,4,3,Rectangular c/ rodas,1100,0.25,Bom,3,Não,Não,37.132991,-8.571184,1.0,3.3000000000000003,3.3000000000000003,0.8250000000000001
122,4,1,Contentor semi-enterrado,3000,0.5,Bom,1,Não,Não,37.132591,-8.572869,1.0,3.0,3.0,1.5
123,2,2,Contentor semi-enterrado,3000,1.0,Razoável,2,Não,Não,37.135788,-8.535639,1.0,6.0,6.0,6.0
124,4,2,Rectangular c/ rodas,1100,1.0,Bom,2,Não,Não,37.135009,-8.574606,1.0,2.2,2.2,2.2
125,2,1,Contentor semi-enterrado,3000,0.75,Bom,1,Não,Não,37.136757,-8.535612,1.0,3.0,3.0,2.25
126,4,1,Rectangular c/ rodas,1100,1.0,Bom,1,Não,Não,37.134332,-8.57668,1.0,1.1,1.1,1.1
127,4,1,Rectangular c/ rodas,240,0.0,Mau,0,Não,Não,37.134331,-8.57667,0.0,0.24,0.0,0.0
128,4,3,Rectangular c/ rodas,1100,0.5,Bom,3,Não,Não,37.133995,-8.571856,1.0,3.3000000000000003,3.3000000000000003,1.6500000000000001
129,4,3,Rectangular c/ rodas,1100,0.75,Bom,3,Não,Não,37.132899,-8.570322,1.0,3.3000000000000003,3.3000000000000003,2.475
130,2,3,Contentor semi-enterrado,3000,0.75,Razoável,2,Não,Não,37.135993,-8.537334,0.6666666666666666,9.0,6.0,4.5
131,4,2,Rectangular c/ rodas,1100,0.75,Bom,2,Não,Não,37.132126,-8.570975,1.0,2.2,2.2,1.6500000000000001
132,4,2,Rectangular c/ rodas,1100,0.75,Bom,2,Não,Não,37.133019,-8.574072,1.0,2.2,2.2,1.6500000000000001
133,2,1,Rectangular c/ rodas,1100,1.0,Bom,1,Não,Não,37.13507,-8.539217,1.0,1.1,1.1,1.1
134,4,3,Contentor semi-enterrado,3000,1.0,Bom,3,Não,Não,37.131363,-8.572973,1.0,9.0,9.0,9.0
135,2,2,Contentor semi-enterrado,3000,0.5,Bom,2,Não,Não,37.133851,-8.540823,1.0,6.0,6.0,3.0
136,4,1,Contentor semi-enterrado,3000,0.0,Bom,0,Não,Não,37.125789,-8.573703,0.0,3.0,0.0,0.0
137,4,1,Rectangular c/ rodas,1100,0.75,Razoável,1,Não,Não,37.130536,-8.573982,1.0,1.1,1.1,0.8250000000000001
138,2,3,Contentor semi-enterrado,3000,1.0,Bom,3,Não,Não,37.133236,-8.544895,1.0,9.0,9.0,9.0
139,4,1,Rectangular c/ rodas,1100,0.0,Bom,0,Não,Não,37.130255,-8.575803,0.0,1.1,0.0,0.0
140,4,2,Contentor semi-enterrado,3000,0.75,Bom,2,Sim,Não,37.132061,-8.577631,1.0,6.0,6.0,4.5
141,4,3,Contentor semi-enterrado,3000,0.75,Bom,3,Não,Não,37.13124,-8.577111,1.0,9.0,9.0,6.75
142,4,1,Contentor semi-enterrado,3000,0.0,Bom,0,Não,Não,37.128562,-8.582252,0.0,3.0,0.0,0.0
143,4,1,Rectangular c/ rodas,1100,0.5,Bom,1,Não,Sim,37.128961,-8.579543,1.0,1.1,1.1,0.55
144,4,2,Rectangular c/ rodas,1100,0.25,Razoável,2,Não,Não,37.129369,-8.583618,1.0,2.2,2.2,0.55
145,2,1,Rectangular c/ rodas,1100,0.5,Bom,1,Não,Não,37.2076,-8.538776,1.0,1.1,1.1,0.55
146,4,1,Contentor semi-enterrado,3000,0.0,Bom,0,Não,Não,37.131022,-8.583801,0.0,3.0,0.0,0.0
147,4,1,Contentor semi-enterrado,3000,0.75,Bom,1,Não,Não,37.130202,-8.582286,1.0,3.0,3.0,2.25
148,2,2,Rectangular c/ rodas,1100,1.0,Bom,2,Não,Não,37.222154,-8.543736,1.0,2.2,2.2,2.2
149,4,1,Rectangular c/ rodas,1100,0.75,Bom,1,Não,Sim,37.129482,-8.582513,1.0,1.1,1.1,0.8250000000000001
150,2,3,Rectangular c/ rodas,1100,1.0,Bom,3,Não,Não,37.228318,-8.543916,1.0,3.3000000000000003,3.3000000000000003,3.3000000000000003
151,4,5,Rectangular c/ rodas,1100,0.75,Bom,5,Não,Não,37.130667,-8.580986,1.0,5.5,5.5,4.125
152,4,1,Contentor semi-enterrado,3000,0.0,Bom,0,Não,Não,37.129255,-8.582848,0.0,3.0,0.0,0.0
153,4,1,Contentor semi-enterrado,3000,0.75,Bom,1,Não,Não,37.128119,-8.58342,1.0,3.0,3.0,2.25
154,2,2,Rectangular c/ rodas,1100,1.0,Bom,1,Não,Não,37.240145,-8.546035,0.5,2.2,1.1,1.1
155,4,2,Contentor semi-enterrado,3000,0.75,Bom,0,Não,Não,37.127127,-8.581425,0.0,6.0,0.0,0.0
156,2,1,Rectangular c/ rodas,1100,0.5,Bom,1,Não,Não,37.233102,-8.544179,1.0,1.1,1.1,0.55
157,4,3,Rectangular c/ rodas,1100,0.5,Bom,1,Não,Não,37.12528,-8.579752,0.3333333333333333,3.3000000000000003,1.1,0.55
158,2,1,Sacos de lixo,120,0.5,Mau,1,Sim,Não,37.2297,-8.543996,1.0,0.12,0.12,0.06
159,4,2,Contentor semi-enterrado,3000,0.75,Bom,2,Não,Não,37.127356,-8.57671,1.0,6.0,6.0,4.5
160,2,2,Rectangular c/ rodas,1100,0.5,Bom,2,Não,Não,37.224649,-8.543881,1.0,2.2,2.2,1.1
161,2,4,Rectangular c/ rodas,1100,1.0,Bom,4,Não,Não,37.218243,-8.543653,1.0,4.4,4.4,4.4
162,4,1,Contentor semi-enterrado,3000,0.75,Bom,1,Não,Não,37.128954,-8.57788,1.0,3.0,3.0,2.25
163,2,1,Rectangular c/ rodas,1100,0.25,Bom,1,Não,Não,37.215255,-8.543443,1.0,1.1,1.1,0.275
164,2,1,Rectangular c/ rodas,1100,0.5,Bom,1,Não,Não,37.214284,-8.543438,1.0,1.1,1.1,0.55
165,6,2,Contentor semi-enterrado,3000,0.25,Bom,2,Não,Não,37.154239,-8.556219,1.0,6.0,6.0,1.5
166,3,1,Contentor semi-enterrado,3000,0.25,Bom,1,Não,Não,37.140974,-8.543153,1.0,3.0,3.0,0.75
167,3,2,Contentor semi-enterrado,3000,0.0,Bom,1,Não,Não,37.141181,-8.541624,0.5,6.0,3.0,0.0
168,3,1,Contentor semi-enterrado,3000,0.25,Bom,1,Não,Não,37.14107,-8.540905,1.0,3.0,3.0,0.75
169,6,2,Rectangular c/ rodas,1100,0.5,Bom,2,Não,Não,37.151623,-8.576419,1.0,2.2,2.2,1.1
170,6,2,Rectangular c/ rodas,1100,0.25,Razoável,1,Não,Não,37.148912,-8.587705,0.5,2.2,1.1,0.275
171,3,3,Contentor semi-enterrado,3000,0.25,Bom,1,Não,Não,37.141027,-8.540359,0.3333333333333333,9.0,3.0,0.75
172,6,3,Contentor semi-enterrado,3000,0.5,Razoável,1,Não,Não,37.14753,-8.583949,0.3333333333333333,9.0,3.0,1.5
173,3,2,Contentor semi-enterrado,3000,0.25,Bom,1,Não,Não,37.140448,-8.539526,0.5,6.0,3.0,0.75
174,6,2,Rectangular c/ rodas,1100,0.25,Bom,2,Não,Não,37.144366,-8.586472,1.0,2.2,2.2,0.55
175,3,2,Contentor semi-enterrado,3000,0.25,Bom,2,Não,Não,37.139554,-8.53938,1.0,6.0,6.0,1.5
176,3,2,Contentor semi-enterrado,3000,0.5,Bom,2,Não,Não,37.139575,-8.539424,1.0,6.0,6.0,3.0
177,6,2,Contentor semi-enterrado,3000,0.75,Bom,2,Não,Não,37.14643,-8.586414,1.0,6.0,6.0,4.5
178,3,2,Contentor semi-enterrado,3000,0.75,Bom,2,Não,Não,37.138918,-8.538688,1.0,6.0,6.0,4.5
179,6,3,Contentor semi-enterrado,3000,0.25,Bom,0,Sim,Não,37.143597,-8.583548,0.0,9.0,0.0,0.0
180,6,2,Contentor semi-enterrado,3000,0.25,Razoável,2,Não,Não,37.142409,-8.574635,1.0,6.0,6.0,1.5
181,6,1,Rectangular c/ rodas,1100,0.5,Bom,1,Não,Não,37.142366,-8.573449,1.0,1.1,1.1,0.55
182,3,4,Contentor semi-enterrado,3000,0.5,Bom,3,Não,Não,37.139034,-8.536605,0.75,12.0,9.0,4.5
183,6,1,Rectangular c/ rodas,1100,0.25,Bom,0,Sim,Não,37.141709,-8.5718,0.0,1.1,0.0,0.0
184,6,2,Contentor semi-enterrado,3000,0.5,Bom,0,Não,Não,37.140911,-8.5704,0.0,6.0,0.0,0.0
185,6,2,Contentor semi-enterrado,3000,0.25,Bom,0,Não,Não,37.140866,-8.570036,0.0,6.0,0.0,0.0
186,6,1,Contentor semi-enterrado,3000,0.25,Bom,0,Não,Não,37.140924,-8.569282,0.0,3.0,0.0,0.0
187,6,2,Contentor semi-enterrado,3000,0.5,Bom,1,Não,Não,37.142743,-8.571777,0.5,6.0,3.0,1.5
188,6,1,Rectangular c/ rodas,1100,0.25,Bom,0,Não,Não,37.14327,-8.57327,0.0,1.1,0.0,0.0
189,3,2,Contentor semi-enterrado,3000,0.75,Bom,2,Não,Sim,37.140068,-8.538156,1.0,6.0,6.0,4.5
190,6,2,Rectangular c/ rodas,1100,0.25,Bom,1,Não,Não,37.143477,-8.574136,0.5,2.2,1.1,0.275
191,6,1,Rectangular c/ rodas,1100,0.25,Bom,1,Não,Não,37.143547,-8.577972,1.0,1.1,1.1,0.275
192,6,2,Rectangular c/ rodas,1100,0.25,Razoável,1,Não,Não,37.144477,-8.5812,0.5,2.2,1.1,0.275
193,3,2,Contentor semi-enterrado,3000,0.5,Bom,2,Não,Não,37.140599,-8.538119,1.0,6.0,6.0,3.0
194,6,1,Contentor semi-enterrado,3000,0.5,Razoável,1,Não,Não,37.135304,-8.59012,1.0,3.0,3.0,1.5
195,6,2,Contentor semi-enterrado,3000,0.5,Bom,1,Não,Não,37.13587,-8.588041,0.5,6.0,3.0,1.5
196,6,1,Contentor semi-enterrado,3000,1.0,Bom,1,Não,Sim,37.136422,-8.586722,1.0,3.0,3.0,3.0
197,3,3,Contentor semi-enterrado,3000,0.75,Bom,3,Não,Sim,37.141087,-8.53823,1.0,9.0,9.0,6.75
198,6,2,Contentor semi-enterrado,3000,0.5,Bom,1,Não,Não,37.13692,-8.584736,0.5,6.0,3.0,1.5
199,3,2,Contentor semi-enterrado,3000,0.75,Bom,2,Não,Não,37.139411,-8.541279,1.0,6.0,6.0,4.5
200,6,6,Rectangular c/ rodas,1100,1.0,Bom,2,Não,Sim,37.135882,-8.58449,0.3333333333333333,6.6000000000000005,2.2,2.2
201,6,4,Rectangular c/ rodas,1100,0.5,Bom,2,Não,Não,37.137582,-8.585724,0.5,4.4,2.2,1.1
202,6,2,Contentor semi-enterrado,3000,0.75,Bom,1,Não,Não,37.139269,-8.584903,0.5,6.0,3.0,2.25
203,3,1,Contentor semi-enterrado,3000,0.75,Bom,1,Não,Não,37.139933,-8.54196,1.0,3.0,3.0,2.25
204,6,1,Rectangular c/ rodas,1100,0.5,Razoável,1,Não,Não,37.140118,-8.584685,1.0,1.1,1.1,0.55
205,3,3,Contentor semi-enterrado,3000,0.75,Bom,3,Não,Não,37.140133,-8.542603,1.0,9.0,9.0,6.75
206,6,2,Rectangular c/ rodas,1100,0.75,Bom,2,Não,Não,37.138488,-8.582094,1.0,2.2,2.2,1.6500000000000001
207,3,1,Rectangular c/ rodas,1100,0.25,Razoável,1,Não,Não,37.140235,-8.543026,1.0,1.1,1.1,0.275
208,3,1,Rectangular c/ rodas,1100,0.25,Razoável,1,Não,Não,37.140219,-8.543147,1.0,1.1,1.1,0.275
209,6,2,Contentor semi-enterrado,3000,0.75,Bom,1,Não,Não,37.131907,-8.592413,0.5,6.0,3.0,2.25
210,6,2,Contentor semi-enterrado,3000,0.5,Mau,1,Não,Não,37.131823,-8.591525,0.5,6.0,3.0,1.5
211,3,1,Contentor semi-enterrado,3000,0.25,Bom,0,Não,Não,37.139331,-8.544941,0.0,3.0,0.0,0.0
212,6,2,Contentor semi-enterrado,3000,0.75,Bom,1,Não,Não,37.130392,-8.591921,0.5,6.0,3.0,2.25
213,3,3,Rectangular c/ rodas,1100,0.5,Bom,3,Não,Não,37.138919,-8.545203,1.0,3.3000000000000003,3.3000000000000003,1.6500000000000001
214,6,2,Contentor semi-enterrado,3000,0.5,Razoável,1,Não,Não,37.127661,-8.588725,0.5,6.0,3.0,1.5
215,3,1,Contentor semi-enterrado,3000,0.75,Bom,1,Não,Não,37.138718,-8.543178,1.0,3.0,3.0,2.25
216,6,3,Contentor semi-enterrado,3000,0.5,Bom,1,Não,Não,37.123648,-8.588973,0.3333333333333333,9.0,3.0,1.5
217,6,3,Contentor semi-enterrado,3000,0.75,Razoável,2,Não,Não,37.123991,-8.590372,0.6666666666666666,9.0,6.0,4.5
218,6,1,Rectangular c/ rodas,1100,0.5,Bom,1,Não,Não,37.124781,-8.590013,1.0,1.1,1.1,0.55
219,6,2,Contentor semi-enterrado,3000,0.75,Razoável,1,Não,Não,37.122851,-8.586226,0.5,6.0,3.0,2.25
220,6,2,Contentor semi-enterrado,3000,0.25,Bom,0,Não,Não,37.12289,-8.584465,0.0,6.0,0.0,0.0
221,6,5,Rectangular c/ rodas,1100,0.75,Bom,2,Não,Sim,37.120983,-8.582435,0.4,5.5,2.2,1.6500000000000001
222,6,2,Rectangular c/ rodas,800,0.5,Bom,1,Não,Não,37.122181,-8.580481,0.5,1.6,0.8,0.4
223,6,1,Rectangular c/ rodas,1100,0.5,Bom,1,Não,Não,37.123275,-8.577453,1.0,1.1,1.1,0.55
224,6,2,Contentor semi-enterrado,3000,0.25,Bom,0,Não,Sim,37.122093,-8.576247,0.0,6.0,0.0,0.0
225,6,3,Rectangular c/ rodas,800,1.0,Bom,3,Sim,Sim,37.120701,-8.573379,1.0,2.4000000000000004,2.4000000000000004,2.4000000000000004
226,3,1,Contentor semi-enterrado,3000,0.5,Razoável,1,Não,Não,37.138603,-8.541557,1.0,3.0,3.0,1.5
227,6,1,Contentor semi-enterrado,3000,0.75,Bom,1,Não,Não,37.121858,-8.567719,1.0,3.0,3.0,2.25
228,3,3,Rectangular c/ rodas,1100,1.0,Razoável,3,Não,Não,37.138356,-8.540313,1.0,3.3000000000000003,3.3000000000000003,3.3000000000000003
229,6,2,Rectangular c/ rodas,1100,0.5,Bom,1,Não,Não,37.122613,-8.564974,0.5,2.2,1.1,0.55
230,6,1,Rectangular c/ rodas,1100,1.0,Bom,1,Não,Não,37.122409,-8.566523,1.0,1.1,1.1,1.1
231,6,1,Rectangular c/ rodas,1100,0.5,Bom,1,Não,Não,37.121584,-8.570133,1.0,1.1,1.1,0.55
232,6,1,Rectangular c/ rodas,1100,0.5,Bom,1,Não,Não,37.121101,-8.571483,1.0,1.1,1.1,0.55
233,6,10,Rectangular c/ rodas,800,1.0,Bom,10,Não,Sim,37.12221,-8.57493,1.0,8.0,8.0,8.0
234,6,14,Rectangular c/ rodas,1100,1.0,Razoável,14,Não,Sim,37.12221,-8.57493,1.0,15.400000000000002,15.400000000000002,15.400000000000002
235,3,7,Rectangular c/ rodas,1100,0.75,Razoável,7,Não,Sim,37.137507,-8.538518,1.0,7.700000000000001,7.700000000000001,5.775
236,6,1,Rectangular c/ rodas,1100,0.75,Bom,1,Não,Não,37.122695,-8.576576,1.0,1.1,1.1,0.8250000000000001
237,6,1,Contentor semi-enterrado,3000,0.25,Bom,0,Não,Não,37.125016,-8.578785,0.0,3.0,0.0,0.0
238,6,3,Rectangular c/ rodas,1100,0.25,Razoável,2,Não,Não,37.125037,-8.581398,0.6666666666666666,3.3000000000000003,2.2,0.55
239,6,2,Contentor semi-enterrado,3000,0.25,Bom,0,Não,Não,37.127272,-8.583562,0.0,6.0,0.0,0.0
240,6,1,Rectangular c/ rodas,1100,0.25,Bom,1,Não,Não,37.128885,-8.587179,1.0,1.1,1.1,0.275
241,6,1,Rectangular c/ rodas,1100,0.75,Bom,1,Não,Não,37.128773,-8.588687,1.0,1.1,1.1,0.8250000000000001
242,6,2,Contentor semi-enterrado,3000,0.25,Bom,0,Não,Não,37.128852,-8.591111,0.0,6.0,0.0,0.0
243,6,3,Contentor semi-enterrado,3000,1.0,Bom,3,Não,Não,37.128051,-8.590096,1.0,9.0,9.0,9.0
244,6,3,Rectangular c/ rodas,1100,0.5,Razoável,1,Não,Não,37.127833,-8.590322,0.3333333333333333,3.3000000000000003,1.1,0.55
245,6,2,Rectangular c/ rodas,1100,1.0,Bom,2,Não,Não,37.127949,-8.591159,1.0,2.2,2.2,2.2
246,6,2,Contentor semi-enterrado,3000,0.75,Bom,1,Não,Não,37.126506,-8.592553,0.5,6.0,3.0,2.25
247,6,2,Rectangular c/ rodas,1100,0.5,Bom,2,Não,Não,37.128272,-8.592309,1.0,2.2,2.2,1.1
248,6,3,Rectangular c/ rodas,1100,0.5,Razoável,1,Não,Não,37.128642,-8.592847,0.3333333333333333,3.3000000000000003,1.1,0.55
249,6,4,Rectangular c/ rodas,1100,0.5,Bom,1,Não,Não,37.126777,-8.590639,0.25,4.4,1.1,0.55
250,6,2,Rectangular c/ rodas,120,1.0,Mau,2,Não,Sim,37.129996,-8.596369,1.0,0.24,0.24,0.24
251,6,5,Contentor semi-enterrado,3000,0.75,Razoável,5,Não,Sim,37.129996,-8.596369,1.0,15.0,15.0,11.25
252,6,3,Contentor semi-enterrado,3000,0.75,Razoável,1,Não,Não,37.127863,-8.5954,0.3333333333333333,9.0,3.0,2.25
253,6,1,Rectangular c/ rodas,1100,0.5,Razoável,1,Sim,Não,37.127352,-8.595973,1.0,1.1,1.1,0.55
254,6,1,Rectangular c/ rodas,1100,0.5,Razoável,1,Sim,Não,37.126931,-8.5963,1.0,1.1,1.1,0.55
255,6,2,Contentor semi-enterrado,3000,0.75,Razoável,2,Não,Não,37.126445,-8.595959,1.0,6.0,6.0,4.5
256,6,3,Rectangular c/ rodas,1100,0.75,Razoável,3,Não,Não,37.123674,-8.596353,1.0,3.3000000000000003,3.3000000000000003,2.475
257,6,2,Rectangular c/ rodas,1100,0.5,Bom,1,Não,Não,37.1237,-8.595325,0.5,2.2,1.1,0.55
258,6,2,Rectangular c/ rodas,1100,0.5,Razoável,2,Não,Não,37.131267,-8.590676,1.0,2.2,2.2,1.1
259,6,2,Contentor semi-enterrado,3000,0.75,Mau,2,Não,Não,37.132524,-8.59059,1.0,6.0,6.0,4.5
260,6,2,Rectangular c/ rodas,1100,0.5,Bom,2,Não,Não,37.133417,-8.59128,1.0,2.2,2.2,1.1
261,6,11,Rectangular c/ rodas,1100,1.0,Bom,11,Não,Não,37.135044,-8.590596,1.0,12.100000000000001,12.100000000000001,12.100000000000001
262,6,1,Rectangular c/ rodas,1100,0.25,Bom,0,Não,Não,37.140279,-8.589251,0.0,1.1,0.0,0.0
263,6,1,Rectangular c/ rodas,1100,0.25,Bom,0,Não,Não,37.143207,-8.586426,0.0,1.1,0.0,0.0
264,6,1,Rectangular c/ rodas,800,1.0,Bom,1,Não,Não,37.143691,-8.585768,1.0,0.8,0.8,0.8
265,6,2,Contentor semi-enterrado,3000,0.5,Bom,1,Não,Não,37.145067,-8.584281,0.5,6.0,3.0,1.5
266,6,1,Rectangular c/ rodas,800,0.75,Bom,1,Sim,Não,37.146836,-8.582351,1.0,0.8,0.8,0.6000000000000001
267,6,1,Rectangular c/ rodas,1100,0.75,Bom,1,Não,Não,37.147457,-8.579957,1.0,1.1,1.1,0.8250000000000001
268,6,1,Rectangular c/ rodas,1100,0.25,Razoável,0,Não,Não,37.149353,-8.576761,0.0,1.1,0.0,0.0
269,6,1,Rectangular c/ rodas,1100,0.5,Razoável,1,Não,Sim,37.148989,-8.576053,1.0,1.1,1.1,0.55
270,6,1,Rectangular c/ rodas,1100,0.75,Bom,1,Não,Não,37.152598,-8.575721,1.0,1.1,1.1,0.8250000000000001
271,6,1,Rectangular c/ rodas,1100,0.25,Bom,1,Não,Não,37.158139,-8.571842,1.0,1.1,1.1,0.275
272,6,1,Rectangular c/ rodas,1100,0.5,Bom,1,Não,Não,37.159523,-8.570891,1.0,1.1,1.1,0.55
273,6,1,Rectangular c/ rodas,1100,0.5,Razoável,1,Não,Não,37.159579,-8.570733,1.0,1.1,1.1,0.55
274,6,1,Rectangular c/ rodas,1100,0.25,Bom,0,Não,Não,37.161539,-8.572882,0.0,1.1,0.0,0.0
275,6,4,Rectangular c/ rodas,1100,1.0,Razoável,4,Não,Sim,37.161602,-8.585595,1.0,4.4,4.4,4.4
276,6,8,Rectangular c/ rodas,800,0.5,Bom,8,Não,Sim,37.160995,-8.579407,1.0,6.4,6.4,3.2
277,6,8,Rectangular c/ rodas,1100,0.5,Bom,8,Não,Sim,37.160995,-8.579407,1.0,8.8,8.8,4.4
278,6,2,Rectangular c/ rodas,1100,1.0,Bom,1,Não,Sim,37.160991,-8.578486,0.5,2.2,1.1,1.1
279,8,3,Rectangular c/ rodas,1100,0.5,Razoável,3,Não,Não,37.157381,-8.552441,1.0,3.3000000000000003,3.3000000000000003,1.6500000000000001
280,8,2,Rectangular c/ rodas,800,0.5,Razoável,2,Não,Não,37.157379,-8.552663,1.0,1.6,1.6,0.8
281,8,1,Rectangular c/ rodas,1100,0.5,Bom,1,Não,Não,37.156216,-8.551942,1.0,1.1,1.1,0.55
282,8,1,Rectangular c/ rodas,1100,0.5,Bom,1,Não,Não,37.153477,-8.552665,1.0,1.1,1.1,0.55
283,5,1,Rectangular c/ rodas,1100,0.25,Bom,1,Não,Não,37.14349,-8.548502,1.0,1.1,1.1,0.275
284,8,1,Rectangular c/ rodas,1100,0.5,Bom,1,Não,Não,37.154519,-8.552837,1.0,1.1,1.1,0.55
285,8,1,Rectangular c/ rodas,1100,0.75,Bom,1,Não,Não,37.157177,-8.553354,1.0,1.1,1.1,0.8250000000000001
286,5,3,Rectangular c/ rodas,1100,1.0,Bom,2,Não,Não,37.137716,-8.546378,0.6666666666666666,3.3000000000000003,2.2,2.2
287,8,3,Rectangular c/ rodas,1100,0.75,Bom,3,Não,Não,37.153142,-8.551152,1.0,3.3000000000000003,3.3000000000000003,2.475
288,5,1,Rectangular c/ rodas,1100,0.5,Bom,1,Não,Não,37.134117,-8.545778,1.0,1.1,1.1,0.55
289,8,1,Rectangular c/ rodas,1100,0.75,Bom,1,Não,Não,37.153947,-8.549964,1.0,1.1,1.1,0.8250000000000001
290,5,2,Rectangular c/ rodas,1100,0.75,Bom,2,Não,Não,37.133389,-8.546437,1.0,2.2,2.2,1.6500000000000001
291,8,2,Rectangular c/ rodas,1100,0.75,Bom,2,Não,Sim,37.154634,-8.549517,1.0,2.2,2.2,1.6500000000000001
292,8,1,Rectangular c/ rodas,1100,0.25,Bom,0,Não,Não,37.155201,-8.549466,0.0,1.1,0.0,0.0
293,8,2,Rectangular c/ rodas,1100,0.25,Bom,2,Não,Não,37.155696,-8.549066,1.0,2.2,2.2,0.55
294,5,1,Contentor semi-enterrado,3000,0.75,Bom,1,Não,Não,37.132558,-8.546132,1.0,3.0,3.0,2.25
295,5,2,Rectangular c/ rodas,1100,1.0,Bom,2,Não,Não,37.132248,-8.545911,1.0,2.2,2.2,2.2
296,8,3,Rectangular c/ rodas,1100,0.25,Bom,3,Sim,Não,37.152681,-8.5492,1.0,3.3000000000000003,3.3000000000000003,0.8250000000000001
297,5,1,Rectangular c/ rodas,1100,1.0,Bom,1,Não,Não,37.127547,-8.547646,1.0,1.1,1.1,1.1
298,8,1,Contentor semi-enterrado,3000,0.5,Bom,1,Não,Não,37.15198,-8.548515,1.0,3.0,3.0,1.5
299,5,2,Contentor semi-enterrado,3000,0.75,Bom,2,Não,Não,37.123943,-8.545427,1.0,6.0,6.0,4.5
300,8,1,Rectangular c/ rodas,1100,0.5,Bom,1,Não,Não,37.150663,-8.547082,1.0,1.1,1.1,0.55
301,5,3,Contentor semi-enterrado,3000,1.0,Bom,2,Não,Não,37.124727,-8.547382,0.6666666666666666,9.0,6.0,6.0
302,8,2,Contentor semi-enterrado,3000,0.5,Bom,2,Sim,Não,37.150513,-8.546119,1.0,6.0,6.0,3.0
303,8,3,Contentor semi-enterrado,3000,0.25,Bom,3,Não,Não,37.151936,-8.545623,1.0,9.0,9.0,2.25
304,5,3,Contentor semi-enterrado,3000,1.0,Bom,2,Não,Não,37.12557,-8.548101,0.6666666666666666,9.0,6.0,6.0
305,5,1,Rectangular c/ rodas,1100,1.0,Bom,1,Não,Não,37.124998,-8.549595,1.0,1.1,1.1,1.1
306,5,3,Contentor semi-enterrado,3000,1.0,Bom,3,Não,Não,37.124064,-8.54897,1.0,9.0,9.0,9.0
307,8,2,Contentor semi-enterrado,3000,0.5,Bom,2,Sim,Não,37.150348,-8.544396,1.0,6.0,6.0,3.0
308,5,2,Contentor semi-enterrado,3000,0.75,Bom,1,Não,Não,37.121794,-8.549889,0.5,6.0,3.0,2.25
309,8,2,Contentor semi-enterrado,3000,0.5,Bom,1,Não,Não,37.148988,-8.544965,0.5,6.0,3.0,1.5
310,5,2,Rectangular c/ rodas,800,0.5,Bom,2,Não,Não,37.121878,-8.560688,1.0,1.6,1.6,0.8
311,8,2,Contentor semi-enterrado,3000,0.25,Bom,2,Não,Não,37.148282,-8.544354,1.0,6.0,6.0,1.5
312,5,3,Rectangular c/ rodas,1100,0.75,Bom,3,Não,Não,37.121983,-8.563972,1.0,3.3000000000000003,3.3000000000000003,2.475
313,8,2,Rectangular c/ rodas,1100,0.25,Bom,2,Não,Não,37.148493,-8.545833,1.0,2.2,2.2,0.55
314,5,3,Rectangular c/ rodas,1100,0.5,Bom,3,Não,Não,37.121168,-8.561873,1.0,3.3000000000000003,3.3000000000000003,1.6500000000000001
315,8,2,Contentor semi-enterrado,3000,0.5,Razoável,1,Não,Não,37.148475,-8.547098,0.5,6.0,3.0,1.5
316,8,1,Contentor semi-enterrado,3000,0.5,Razoável,1,Não,Não,37.149208,-8.5483,1.0,3.0,3.0,1.5
317,5,8,Rectangular c/ rodas,1100,1.0,Bom,4,Não,Sim,37.121142,-8.560311,0.5,8.8,4.4,4.4
318,5,5,Rectangular c/ rodas,800,0.5,Bom,1,Não,Não,37.120423,-8.553299,0.2,4.0,0.8,0.4
319,8,3,Contentor semi-enterrado,3000,0.5,Bom,2,Não,Não,37.150357,-8.549222,0.6666666666666666,9.0,6.0,3.0
320,5,1,Rectangular c/ rodas,1100,1.0,Bom,1,Não,Não,37.121093,-8.556574,1.0,1.1,1.1,1.1
321,5,2,Rectangular c/ rodas,1100,1.0,Bom,1,Não,Não,37.120838,-8.556898,0.5,2.2,1.1,1.1
322,5,1,Contentor semi-enterrado,3000,0.5,Bom,1,Não,Não,37.120489,-8.558642,1.0,3.0,3.0,1.5
323,8,1,Rectangular c/ rodas,1100,0.25,Bom,1,Não,Não,37.153238,-8.544605,1.0,1.1,1.1,0.275
324,8,1,Rectangular c/ rodas,1100,0.75,Bom,1,Não,Não,37.151461,-8.541391,1.0,1.1,1.1,0.8250000000000001
325,5,1,Rectangular c/ rodas,1100,0.25,Bom,1,Não,Não,37.119866,-8.55732,1.0,1.1,1.1,0.275
326,8,2,Contentor semi-enterrado,3000,0.75,Bom,1,Não,Não,37.15034,-8.540322,0.5,6.0,3.0,2.25
327,5,1,Rectangular c/ rodas,1100,0.5,Bom,1,Não,Não,37.119609,-8.555881,1.0,1.1,1.1,0.55
328,5,2,Rectangular c/ rodas,1100,1.0,Bom,2,Não,Não,37.122784,-8.556905,1.0,2.2,2.2,2.2
329,8,3,Contentor semi-enterrado,3000,0.75,Bom,2,Não,Não,37.14787,-8.540894,0.6666666666666666,9.0,6.0,4.5
330,5,3,Rectangular c/ rodas,1100,1.0,Bom,2,Não,Não,37.123798,-8.555336,0.6666666666666666,3.3000000000000003,2.2,2.2
331,5,2,Contentor semi-enterrado,3000,1.0,Bom,1,Não,Não,37.124351,-8.557377,0.5,6.0,3.0,3.0
332,5,1,Contentor semi-enterrado,3000,0.75,Bom,1,Não,Não,37.125768,-8.557854,1.0,3.0,3.0,2.25
333,8,3,Contentor semi-enterrado,3000,0.75,Bom,2,Não,Não,37.148111,-8.542388,0.6666666666666666,9.0,6.0,4.5
334,5,1,Rectangular c/ rodas,1100,0.5,Bom,1,Não,Não,37.126969,-8.554983,1.0,1.1,1.1,0.55
335,5,2,Contentor semi-enterrado,3000,1.0,Bom,1,Não,Não,37.127739,-8.553932,0.5,6.0,3.0,3.0
336,5,2,Rectangular c/ rodas,1100,0.5,Bom,2,Não,Não,37.126388,-8.552597,1.0,2.2,2.2,1.1
337,8,2,Contentor semi-enterrado,3000,0.75,Razoável,2,Sim,Não,37.148194,-8.540983,1.0,6.0,6.0,4.5
338,5,2,Contentor semi-enterrado,3000,0.75,Bom,2,Não,Não,37.128081,-8.552166,1.0,6.0,6.0,4.5
339,8,2,Contentor semi-enterrado,3000,0.5,Razoável,2,Não,Não,37.149509,-8.540646,1.0,6.0,6.0,3.0
340,5,1,Contentor semi-enterrado,3000,0.5,Bom,1,Sim,Não,37.131186,-8.551158,1.0,3.0,3.0,1.5
341,8,3,Contentor semi-enterrado,3000,0.5,Razoável,2,Não,Não,37.150073,-8.541406,0.6666666666666666,9.0,6.0,3.0
342,5,2,Contentor semi-enterrado,3000,0.75,Bom,1,Não,Não,37.130196,-8.549731,0.5,6.0,3.0,2.25
343,8,1,Rectangular c/ rodas,1100,1.0,Razoável,1,Não,Não,37.15061,-8.542868,1.0,1.1,1.1,1.1
344,8,3,Rectangular c/ rodas,1100,0.75,Razoável,2,Não,Não,37.151463,-8.544322,0.6666666666666666,3.3000000000000003,2.2,1.6500000000000001
345,5,1,Rectangular c/ rodas,800,0.75,Bom,1,Não,Não,37.126869,-8.547045,1.0,0.8,0.8,0.6000000000000001
346,5,1,Rectangular c/ rodas,1100,0.75,Bom,1,Não,Não,37.129189,-8.548556,1.0,1.1,1.1,0.8250000000000001
347,5,2,Rectangular c/ rodas,1100,0.5,Bom,2,Não,Não,37.12954,-8.548415,1.0,2.2,2.2,1.1
348,5,2,Contentor semi-enterrado,3000,0.5,Bom,1,Não,Não,37.130181,-8.547663,0.5,6.0,3.0,1.5
349,8,23,Rectangular c/ rodas,1100,1.0,Razoável,22,Não,Não,37.154723,-8.538439,0.9565217391304348,25.3,24.200000000000003,24.200000000000003
350,8,4,Rectangular c/ rodas,800,1.0,Bom,3,Não,Não,37.154723,-8.538439,0.75,3.2,2.4000000000000004,2.4000000000000004
351,5,2,Contentor semi-enterrado,3000,1.0,Bom,1,Não,Não,37.130768,-8.546639,0.5,6.0,3.0,3.0
352,5,2,Contentor semi-enterrado,3000,1.0,Bom,1,Não,Não,37.131472,-8.546871,0.5,6.0,3.0,3.0
353,5,1,Contentor semi-enterrado,3000,0.5,Bom,1,Não,Não,37.13247,-8.547341,1.0,3.0,3.0,1.5
354,5,2,Contentor semi-enterrado,3000,1.0,Bom,1,Não,Não,37.132836,-8.547921,0.5,6.0,3.0,3.0
355,5,1,Contentor semi-enterrado,3000,0.0,Bom,1,Não,Não,37.134617,-8.546549,1.0,3.0,3.0,0.0
356,5,2,Contentor semi-enterrado,3000,0.5,Bom,1,Não,Não,37.134307,-8.547002,0.5,6.0,3.0,1.5
357,5,1,Contentor semi-enterrado,3000,1.0,Bom,1,Não,Não,37.133483,-8.548842,1.0,3.0,3.0,3.0
358,5,1,Contentor semi-enterrado,3000,0.5,Bom,1,Não,Não,37.13354,-8.549366,1.0,3.0,3.0,1.5
359,5,2,Contentor semi-enterrado,3000,1.0,Bom,1,Não,Não,37.1325,-8.549578,0.5,6.0,3.0,3.0
360,5,2,Contentor semi-enterrado,3000,0.5,Bom,1,Não,Não,37.13179,-8.550266,0.5,6.0,3.0,1.5
361,5,2,Contentor semi-enterrado,3000,1.0,Bom,1,Não,Não,37.133839,-8.552383,0.5,6.0,3.0,3.0
362,5,1,Rectangular c/ rodas,1100,1.0,Bom,1,Não,Não,37.134192,-8.550774,1.0,1.1,1.1,1.1
363,5,3,Contentor semi-enterrado,3000,0.75,Bom,2,Não,Não,37.13495,-8.549593,0.6666666666666666,9.0,6.0,4.5
364,5,2,Contentor semi-enterrado,3000,0.5,Bom,1,Não,Não,37.136279,-8.550126,0.5,6.0,3.0,1.5
365,5,2,Contentor semi-enterrado,3000,1.0,Bom,1,Não,Não,37.135661,-8.550499,0.5,6.0,3.0,3.0
366,5,2,Contentor semi-enterrado,3000,0.5,Bom,1,Não,Não,37.136084,-8.551254,0.5,6.0,3.0,1.5
367,8,1,Rectangular c/ rodas,1100,0.5,Razoável,1,Não,Não,37.161582,-8.556243,1.0,1.1,1.1,0.55
368,8,1,Rectangular c/ rodas,1100,0.5,Bom,1,Não,Não,37.161552,-8.572158,1.0,1.1,1.1,0.55
369,5,1,Contentor semi-enterrado,3000,0.5,Bom,1,Não,Não,37.135279,-8.553084,1.0,3.0,3.0,1.5
370,5,1,Contentor semi-enterrado,3000,0.0,Bom,0,Não,Não,37.134987,-8.551333,0.0,3.0,0.0,0.0
371,8,1,Rectangular c/ rodas,1100,0.25,Bom,1,Não,Não,37.166494,-8.577673,1.0,1.1,1.1,0.275
372,5,2,Contentor semi-enterrado,3000,0.75,Bom,1,Não,Não,37.134914,-8.54826,0.5,6.0,3.0,2.25
373,8,1,Rectangular c/ rodas,1100,0.25,Razoável,0,Não,Não,37.16161,-8.592282,0.0,1.1,0.0,0.0
374,5,2,Contentor semi-enterrado,3000,0.75,Bom,1,Não,Não,37.135083,-8.547014,0.5,6.0,3.0,2.25
375,8,2,Rectangular c/ rodas,800,0.75,Bom,2,Não,Não,37.162492,-8.592916,1.0,1.6,1.6,1.2000000000000002
376,5,4,Rectangular c/ rodas,1100,1.0,Bom,4,Não,Não,37.136157,-8.547052,1.0,4.4,4.4,4.4
377,8,1,Rectangular c/ rodas,1100,0.5,Bom,1,Não,Não,37.161402,-8.593892,1.0,1.1,1.1,0.55
378,8,2,Rectangular c/ rodas,1100,0.5,Razoável,2,Não,Não,37.160348,-8.600012,1.0,2.2,2.2,1.1
379,5,3,Contentor semi-enterrado,3000,1.0,Bom,1,Não,Não,37.137958,-8.547504,0.3333333333333333,9.0,3.0,3.0
380,8,1,Rectangular c/ rodas,1100,1.0,Razoável,1,Não,Não,37.161923,-8.600401,1.0,1.1,1.1,1.1
381,8,1,Rectangular c/ rodas,1100,0.75,Bom,1,Não,Não,37.162965,-8.602814,1.0,1.1,1.1,0.8250000000000001
382,8,2,Rectangular c/ rodas,1100,1.0,Bom,1,Não,Não,37.164834,-8.605378,0.5,2.2,1.1,1.1
383,5,2,Contentor semi-enterrado,3000,1.0,Bom,2,Não,Não,37.139709,-8.547574,1.0,6.0,6.0,6.0
384,8,1,Rectangular c/ rodas,1100,0.0,Bom,1,Não,Não,37.165304,-8.606539,1.0,1.1,1.1,0.0
385,8,1,Rectangular c/ rodas,1100,0.25,Bom,1,Não,Não,37.165176,-8.603899,1.0,1.1,1.1,0.275
386,8,1,Rectangular c/ rodas,1100,0.25,Razoável,1,Não,Não,37.164348,-8.603636,1.0,1.1,1.1,0.275
387,5,3,Rectangular c/ rodas,1100,1.0,Bom,2,Não,Não,37.138839,-8.547913,0.6666666666666666,3.3000000000000003,2.2,2.2
388,8,2,Rectangular c/ rodas,1100,1.0,Razoável,2,Não,Não,37.163621,-8.602901,1.0,2.2,2.2,2.2
389,5,2,Contentor semi-enterrado,3000,0.75,Bom,2,Não,Não,37.137464,-8.548452,1.0,6.0,6.0,4.5
390,8,2,Rectangular c/ rodas,1100,0.5,Razoável,2,Não,Não,37.16415,-8.602039,1.0,2.2,2.2,1.1
391,8,3,Rectangular c/ rodas,1100,0.75,Bom,1,Não,Não,37.165569,-8.602014,0.3333333333333333,3.3000000000000003,1.1,0.8250000000000001
392,8,3,Rectangular c/ rodas,1100,0.5,Bom,2,Não,Não,37.164495,-8.602911,0.6666666666666666,3.3000000000000003,2.2,1.1
393,5,3,Contentor semi-enterrado,3000,1.0,Bom,2,Não,Não,37.13685,-8.547896,0.6666666666666666,9.0,6.0,6.0
394,8,2,Contentor semi-enterrado,3000,0.75,Bom,1,Não,Não,37.164038,-8.601533,0.5,6.0,3.0,2.25
395,5,2,Rectangular c/ rodas,1100,1.0,Bom,2,Não,Não,37.137261,-8.551442,1.0,2.2,2.2,2.2
396,8,2,Rectangular c/ rodas,1100,1.0,Bom,2,Não,Não,37.166,-8.601162,1.0,2.2,2.2,2.2
397,5,2,Contentor semi-enterrado,3000,0.5,Bom,1,Não,Não,37.13662,-8.553593,0.5,6.0,3.0,1.5
398,8,3,Rectangular c/ rodas,1100,1.0,Bom,3,Não,Não,37.163041,-8.600343,1.0,3.3000000000000003,3.3000000000000003,3.3000000000000003
399,5,1,Contentor semi-enterrado,3000,1.0,Bom,1,Não,Não,37.135494,-8.558887,1.0,3.0,3.0,3.0
400,5,2,Rectangular c/ rodas,1100,0.5,Bom,2,Não,Não,37.13545,-8.559038,1.0,2.2,2.2,1.1
401,8,3,Rectangular c/ rodas,800,0.75,Razoável,3,Não,Não,37.162131,-8.602087,1.0,2.4000000000000004,2.4000000000000004,1.8000000000000003
402,8,2,Rectangular c/ rodas,1100,0.5,Bom,2,Não,Não,37.160263,-8.601925,1.0,2.2,2.2,1.1
403,8,1,Rectangular c/ rodas,1100,0.5,Bom,1,Não,Não,37.157456,-8.606135,1.0,1.1,1.1,0.55
404,8,2,Rectangular c/ rodas,1100,0.5,Bom,2,Não,Não,37.153774,-8.613453,1.0,2.2,2.2,1.1
405,8,1,Rectangular c/ rodas,1100,0.75,Bom,1,Não,Não,37.154345,-8.60977,1.0,1.1,1.1,0.8250000000000001
406,8,2,Rectangular c/ rodas,1100,0.5,Razoável,2,Não,Não,37.15725,-8.625508,1.0,2.2,2.2,1.1
407,8,1,Rectangular c/ rodas,1100,0.75,Bom,1,Não,Não,37.156576,-8.6267,1.0,1.1,1.1,0.8250000000000001
408,8,2,Contentor semi-enterrado,3000,0.5,Razoável,2,Não,Não,37.153532,-8.623061,1.0,6.0,6.0,3.0
409,8,1,Rectangular c/ rodas,1100,0.25,Razoável,1,Não,Não,37.157281,-8.629651,1.0,1.1,1.1,0.275
410,8,2,Rectangular c/ rodas,1100,0.75,Razoável,2,Não,Não,37.158663,-8.631673,1.0,2.2,2.2,1.6500000000000001
411,8,1,Rectangular c/ rodas,1100,0.5,Razoável,1,Não,Não,37.162608,-8.631369,1.0,1.1,1.1,0.55
412,8,1,Rectangular c/ rodas,1100,1.0,Razoável,1,Não,Não,37.1635,-8.633147,1.0,1.1,1.1,1.1
413,5,1,Contentor semi-enterrado,3000,0.0,Bom,1,Não,Não,37.132808,-8.552119,1.0,3.0,3.0,0.0
414,5,2,Rectangular c/ rodas,1100,1.0,Bom,2,Não,Não,37.131114,-8.551737,1.0,2.2,2.2,2.2
415,8,4,Rectangular c/ rodas,1100,1.0,Bom,4,Sim,Sim,37.16024,-8.632388,1.0,4.4,4.4,4.4
416,5,2,Rectangular c/ rodas,1100,0.5,Bom,1,Não,Não,37.129623,-8.55089,0.5,2.2,1.1,0.55
417,5,1,Rectangular c/ rodas,1100,0.5,Bom,1,Não,Não,37.130007,-8.554368,1.0,1.1,1.1,0.55
418,8,1,Rectangular c/ rodas,1100,0.25,Razoável,0,Não,Não,37.152898,-8.622696,0.0,1.1,0.0,0.0
419,5,2,Rectangular c/ rodas,1100,0.5,Bom,1,Não,Não,37.128955,-8.556137,0.5,2.2,1.1,0.55
420,8,1,Rectangular c/ rodas,1100,1.0,Bom,1,Não,Não,37.152574,-8.619007,1.0,1.1,1.1,1.1
421,8,1,Rectangular c/ rodas,1100,0.75,Razoável,1,Não,Não,37.152858,-8.616512,1.0,1.1,1.1,0.8250000000000001
422,5,2,Rectangular c/ rodas,1100,0.5,Bom,2,Não,Não,37.127712,-8.560425,1.0,2.2,2.2,1.1
423,8,1,Rectangular c/ rodas,1100,0.25,Razoável,1,Não,Não,37.154281,-8.613867,1.0,1.1,1.1,0.275
424,8,2,Rectangular c/ rodas,1100,0.5,Bom,1,Não,Não,37.156528,-8.614402,0.5,2.2,1.1,0.55
425,5,3,Contentor semi-enterrado,3000,0.0,Bom,0,Não,Não,37.123767,-8.558839,0.0,9.0,0.0,0.0
426,5,2,Contentor semi-enterrado,3000,0.0,Bom,0,Não,Não,37.123885,-8.561973,0.0,6.0,0.0,0.0
427,8,2,Contentor semi-enterrado,3000,0.5,Bom,1,Não,Não,37.157874,-8.613775,0.5,6.0,3.0,1.5
428,5,1,Rectangular c/ rodas,1100,0.75,Bom,1,Não,Não,37.123571,-8.563277,1.0,1.1,1.1,0.8250000000000001
429,5,3,Contentor semi-enterrado,3000,0.0,Bom,2,Não,Não,37.124765,-8.563982,0.6666666666666666,9.0,6.0,0.0
430,8,2,Contentor semi-enterrado,3000,0.75,Bom,2,Não,Não,37.160697,-8.613223,1.0,6.0,6.0,4.5
431,8,1,Rectangular c/ rodas,1100,0.5,Razoável,1,Não,Não,37.162831,-8.611981,1.0,1.1,1.1,0.55
432,8,1,Rectangular c/ rodas,1100,1.0,Bom,1,Não,Não,37.164335,-8.610283,1.0,1.1,1.1,1.1
433,5,12,Rectangular c/ rodas,800,0.75,Bom,6,Não,Não,37.126378,-8.564024,0.5,9.600000000000001,4.800000000000001,3.6000000000000005
434,5,4,Contentor semi-enterrado,3000,0.0,Bom,2,Não,Não,37.125479,-8.565903,0.5,12.0,6.0,0.0
435,8,2,Rectangular c/ rodas,1100,0.5,Razoável,2,Não,Não,37.178661,-8.611855,1.0,2.2,2.2,1.1
436,5,2,Rectangular c/ rodas,1100,0.0,Bom,0,Não,Não,37.130377,-8.564781,0.0,2.2,0.0,0.0
437,8,1,Rectangular c/ rodas,1100,0.5,Bom,1,Não,Não,37.173665,-8.612483,1.0,1.1,1.1,0.55
438,5,4,Rectangular c/ rodas,800,0.5,Bom,2,Não,Não,37.130123,-8.565715,0.5,3.2,1.6,0.8
439,5,2,Contentor semi-enterrado,3000,0.0,Razoável,0,Não,Não,37.138772,-8.566254,0.0,6.0,0.0,0.0
440,8,1,Contentor semi-enterrado,3000,0.5,Bom,1,Não,Não,37.163867,-8.611315,1.0,3.0,3.0,1.5
441,5,2,Contentor semi-enterrado,3000,0.0,Bom,0,Não,Não,37.13891,-8.567646,0.0,6.0,0.0,0.0
442,8,1,Rectangular c/ rodas,1100,1.0,Mau,1,Não,Não,37.163814,-8.614879,1.0,1.1,1.1,1.1
443,5,2,Contentor semi-enterrado,3000,0.0,Bom,0,Não,Não,37.139789,-8.566721,0.0,6.0,0.0,0.0
444,5,2,Contentor semi-enterrado,3000,0.0,Bom,0,Não,Não,37.138847,-8.564737,0.0,6.0,0.0,0.0
445,8,1,Rectangular c/ rodas,1100,0.5,Razoável,1,Não,Não,37.167501,-8.61879,1.0,1.1,1.1,0.55
446,5,2,Contentor semi-enterrado,3000,0.0,Bom,0,Não,Não,37.137713,-8.563675,0.0,6.0,0.0,0.0
447,5,2,Contentor semi-enterrado,3000,0.0,Bom,0,Não,Não,37.138302,-8.56263,0.0,6.0,0.0,0.0
448,5,2,Contentor semi-enterrado,3000,0.0,Bom,0,Não,Não,37.139256,-8.563309,0.0,6.0,0.0,0.0
449,8,4,Rectangular c/ rodas,1100,0.75,Bom,4,Não,Não,37.174988,-8.626994,1.0,4.4,4.4,3.3000000000000003
450,5,2,Contentor semi-enterrado,3000,0.0,Bom,0,Não,Não,37.139141,-8.57122,0.0,6.0,0.0,0.0
451,8,2,Rectangular c/ rodas,1100,0.5,Bom,2,Não,Não,37.161216,-8.614323,1.0,2.2,2.2,1.1
452,5,1,Rectangular c/ rodas,1100,0.0,Bom,0,Não,Não,37.140174,-8.577167,0.0,1.1,0.0,0.0
453,8,2,Contentor semi-enterrado,3000,0.5,Bom,2,Não,Não,37.160721,-8.614958,1.0,6.0,6.0,3.0
454,5,1,Rectangular c/ rodas,1100,0.5,Bom,1,Não,Não,37.140709,-8.574665,1.0,1.1,1.1,0.55
455,8,2,Rectangular c/ rodas,1100,1.0,Bom,2,Não,Não,37.160377,-8.615341,1.0,2.2,2.2,2.2
456,8,2,Rectangular c/ rodas,1100,0.5,Razoável,2,Não,Não,37.159362,-8.61548,1.0,2.2,2.2,1.1
457,5,2,Contentor semi-enterrado,3000,0.0,Bom,0,Não,Não,37.136884,-8.568039,0.0,6.0,0.0,0.0
458,8,2,Contentor semi-enterrado,3000,0.5,Bom,1,Não,Não,37.159072,-8.6171,0.5,6.0,3.0,1.5
459,8,1,Contentor semi-enterrado,3000,0.75,Razoável,1,Não,Não,37.156923,-8.616325,1.0,3.0,3.0,2.25
460,8,2,Rectangular c/ rodas,1100,1.0,Bom,2,Não,Não,37.160214,-8.612764,1.0,2.2,2.2,2.2
461,8,1,Rectangular c/ rodas,1100,0.25,Bom,1,Não,Não,37.160319,-8.611807,1.0,1.1,1.1,0.275
462,8,1,Rectangular c/ rodas,1100,0.5,Razoável,1,Não,Não,37.159111,-8.611311,1.0,1.1,1.1,0.55
463,8,2,Contentor semi-enterrado,3000,0.5,Razoável,1,Não,Não,37.156329,-8.613524,0.5,6.0,3.0,1.5
464,8,4,Rectangular c/ rodas,1100,1.0,Razoável,1,Não,Não,37.161582,-8.585758,0.25,4.4,1.1,1.1
465,8,2,Rectangular c/ rodas,800,0.5,Razoável,1,Não,Não,37.160936,-8.578503,0.5,1.6,0.8,0.4
466,8,6,Rectangular c/ rodas,800,0.75,Bom,1,Não,Não,37.161063,-8.579446,0.16666666666666666,4.800000000000001,0.8,0.6000000000000001
467,8,8,Rectangular c/ rodas,1100,0.75,Bom,2,Não,Não,37.161063,-8.579446,0.25,8.8,2.2,1.6500000000000001
468,8,1,Rectangular c/ rodas,1100,0.75,Bom,1,Não,Não,37.161654,-8.574758,1.0,1.1,1.1,0.8250000000000001
469,9,1,Rectangular c/ rodas,1100,0.75,Bom,1,Não,Sim,37.155369,-8.545691,1.0,1.1,1.1,0.8250000000000001
470,9,1,Contentor semi-enterrado,3000,0.5,Bom,1,Não,Não,37.156002,-8.546151,1.0,3.0,3.0,1.5
471,9,1,Rectangular c/ rodas,1100,0.25,Bom,1,Não,Não,37.157453,-8.546995,1.0,1.1,1.1,0.275
472,9,2,Rectangular c/ rodas,1100,0.25,Bom,1,Não,Não,37.159198,-8.546922,0.5,2.2,1.1,0.275
473,9,2,Rectangular c/ rodas,1100,0.5,Bom,1,Não,Não,37.165569,-8.549867,0.5,2.2,1.1,0.55
474,9,1,Rectangular c/ rodas,1100,0.25,Bom,1,Não,Não,37.167728,-8.551821,1.0,1.1,1.1,0.275
475,9,2,Rectangular c/ rodas,1100,1.0,Bom,2,Não,Não,37.171046,-8.550841,1.0,2.2,2.2,2.2
476,9,1,Rectangular c/ rodas,1100,1.0,Bom,1,Não,Não,37.172288,-8.550653,1.0,1.1,1.1,1.1
477,9,2,Contentor semi-enterrado,3000,1.0,Bom,1,Não,Não,37.170377,-8.553232,0.5,6.0,3.0,3.0
478,9,1,Rectangular c/ rodas,1100,0.0,Bom,0,Não,Não,37.173306,-8.55199,0.0,1.1,0.0,0.0
479,9,2,Rectangular c/ rodas,1100,0.5,Bom,2,Não,Não,37.172594,-8.553472,1.0,2.2,2.2,1.1
480,9,1,Rectangular c/ rodas,1100,0.5,Bom,1,Não,Não,37.172927,-8.554851,1.0,1.1,1.1,0.55
481,9,2,Rectangular c/ rodas,1100,0.5,Bom,2,Não,Não,37.175924,-8.556535,1.0,2.2,2.2,1.1
482,9,1,Rectangular c/ rodas,1100,0.75,Bom,1,Não,Não,37.150185,-8.551025,1.0,1.1,1.1,0.8250000000000001
483,9,2,Contentor semi-enterrado,3000,1.0,Bom,1,Não,Não,37.147,-8.547323,0.5,6.0,3.0,3.0
484,9,1,Contentor semi-enterrado,3000,0.75,Bom,1,Não,Não,37.147277,-8.545084,1.0,3.0,3.0,2.25
485,9,3,Contentor semi-enterrado,3000,0.75,Bom,3,Não,Sim,37.146586,-8.54381,1.0,9.0,9.0,6.75
486,9,3,Contentor semi-enterrado,3000,0.5,Bom,3,Sim,Não,37.146086,-8.545643,1.0,9.0,9.0,4.5
487,9,1,Contentor semi-enterrado,3000,1.0,Bom,1,Não,Sim,37.146142,-8.547349,1.0,3.0,3.0,3.0
488,9,2,Rectangular c/ rodas,1100,0.5,Bom,1,Não,Não,37.151399,-8.554039,0.5,2.2,1.1,0.55
489,9,3,Rectangular c/ rodas,1100,1.0,Razoável,1,Não,Não,37.15126,-8.553549,0.3333333333333333,3.3000000000000003,1.1,1.1
490,9,4,Rectangular c/ rodas,1100,1.0,Razoável,2,Não,Não,37.15058,-8.553273,0.5,4.4,2.2,2.2
491,9,3,Rectangular c/ rodas,1100,0.75,Razoável,3,Não,Não,37.150842,-8.553861,1.0,3.3000000000000003,3.3000000000000003,2.475
492,9,1,Contentor semi-enterrado,3000,0.25,Razoável,1,Não,Não,37.150143,-8.552478,1.0,3.0,3.0,0.75
493,9,1,Contentor semi-enterrado,3000,0.0,Bom,0,Não,Não,37.148731,-8.552808,0.0,3.0,0.0,0.0
494,9,2,Contentor semi-enterrado,3000,0.5,Bom,1,Não,Não,37.148664,-8.551218,0.5,6.0,3.0,1.5
495,9,2,Rectangular c/ rodas,1100,0.75,Bom,1,Não,Não,37.147416,-8.551487,0.5,2.2,1.1,0.8250000000000001
496,9,2,Contentor semi-enterrado,3000,0.75,Bom,1,Não,Não,37.14692,-8.549929,0.5,6.0,3.0,2.25
497,9,2,Contentor semi-enterrado,3000,1.0,Razoável,1,Não,Não,37.144635,-8.54829,0.5,6.0,3.0,3.0
498,9,4,Rectangular c/ rodas,1100,0.75,Razoável,2,Não,Sim,37.144333,-8.547176,0.5,4.4,2.2,1.6500000000000001
499,9,3,Rectangular c/ rodas,1100,0.75,Bom,2,Não,Não,37.143652,-8.544572,0.6666666666666666,3.3000000000000003,2.2,1.6500000000000001
500,9,2,Contentor semi-enterrado,3000,0.75,Bom,2,Não,Não,37.143716,-8.545947,1.0,6.0,6.0,4.5
501,9,3,Contentor semi-enterrado,3000,0.5,Bom,1,Não,Não,37.142681,-8.545922,0.3333333333333333,9.0,3.0,1.5
502,9,3,Contentor semi-enterrado,3000,0.5,Bom,1,Não,Não,37.146096,-8.541369,0.3333333333333333,9.0,3.0,1.5
503,9,3,Contentor semi-enterrado,3000,0.75,Bom,3,Não,Não,37.144145,-8.542296,1.0,9.0,9.0,6.75
504,9,2,Contentor semi-enterrado,3000,0.5,Bom,2,Não,Não,37.143513,-8.543107,1.0,6.0,6.0,3.0
505,9,2,Contentor semi-enterrado,3000,0.5,Bom,1,Não,Não,37.142024,-8.544103,0.5,6.0,3.0,1.5
506,9,2,Contentor semi-enterrado,3000,0.75,Mau,1,Sim,Não,37.14128,-8.544764,0.5,6.0,3.0,2.25
507,9,1,Rectangular c/ rodas,1100,0.75,Bom,1,Não,Não,37.141677,-8.542834,1.0,1.1,1.1,0.8250000000000001
508,9,5,Rectangular c/ rodas,1100,0.75,Bom,3,Não,Não,37.141781,-8.542613,0.6,5.5,3.3000000000000003,2.475
509,9,2,Contentor semi-enterrado,3000,0.25,Bom,2,Não,Não,37.142867,-8.541127,1.0,6.0,6.0,1.5
510,9,2,Contentor semi-enterrado,3000,0.75,Bom,2,Não,Não,37.146183,-8.54075,1.0,6.0,6.0,4.5
511,9,3,Contentor semi-enterrado,3000,0.5,Razoável,2,Não,Não,37.146842,-8.539721,0.6666666666666666,9.0,6.0,3.0
512,9,2,Contentor semi-enterrado,3000,0.75,Bom,1,Não,Não,37.146533,-8.537954,0.5,6.0,3.0,2.25
513,9,1,Contentor semi-enterrado,3000,0.25,Bom,1,Não,Não,37.147708,-8.538812,1.0,3.0,3.0,0.75
514,9,3,Contentor semi-enterrado,3000,0.5,Razoável,1,Não,Não,37.145605,-8.536915,0.3333333333333333,9.0,3.0,1.5
515,9,2,Rectangular c/ rodas,1100,0.5,Razoável,1,Não,Não,37.145873,-8.535362,0.5,2.2,1.1,0.55
516,9,2,Rectangular c/ rodas,1100,0.25,Bom,1,Não,Não,37.145841,-8.535024,0.5,2.2,1.1,0.275
517,9,2,Rectangular c/ rodas,1100,0.25,Bom,0,Não,Não,37.144884,-8.534258,0.0,2.2,0.0,0.0
518,9,1,Rectangular c/ rodas,800,0.25,Bom,1,Não,Não,37.144884,-8.534258,1.0,0.8,0.8,0.2
519,9,1,Rectangular c/ rodas,1100,0.25,Bom,1,Não,Não,37.145602,-8.533794,1.0,1.1,1.1,0.275
520,9,3,Rectangular c/ rodas,1100,0.0,Bom,0,Não,Não,37.145282,-8.532734,0.0,3.3000000000000003,0.0,0.0
521,9,4,Rectangular c/ rodas,1100,0.5,Bom,2,Não,Não,37.146326,-8.53381,0.5,4.4,2.2,1.1
522,9,1,Rectangular c/ rodas,1100,0.5,Razoável,1,Não,Não,37.1472,-8.535898,1.0,1.1,1.1,0.55
523,9,1,Rectangular c/ rodas,120,0.25,Bom,1,Não,Não,37.147448,-8.53606,1.0,0.12,0.12,0.03
524,9,2,Rectangular c/ rodas,1100,0.5,Bom,2,Não,Não,37.147479,-8.536105,1.0,2.2,2.2,1.1
525,9,1,Rectangular c/ rodas,1100,0.75,Bom,1,Não,Não,37.148276,-8.535991,1.0,1.1,1.1,0.8250000000000001
526,9,2,Rectangular c/ rodas,1100,0.5,Bom,1,Não,Não,37.148198,-8.535246,0.5,2.2,1.1,0.55
527,9,3,Rectangular c/ rodas,1100,0.75,Bom,3,Não,Não,37.147726,-8.535099,1.0,3.3000000000000003,3.3000000000000003,2.475
528,9,2,Contentor semi-enterrado,3000,0.5,Bom,1,Não,Não,37.148292,-8.536747,0.5,6.0,3.0,1.5
529,9,1,Contentor semi-enterrado,3000,0.5,Bom,1,Sim,Não,37.149036,-8.537586,1.0,3.0,3.0,1.5
530,9,1,Rectangular c/ rodas,1100,0.75,Bom,1,Não,Não,37.149899,-8.539353,1.0,1.1,1.1,0.8250000000000001
531,9,2,Rectangular c/ rodas,1100,1.0,Bom,2,Não,Não,37.149962,-8.53633,1.0,2.2,2.2,2.2
532,9,1,Rectangular c/ rodas,1100,1.0,Bom,1,Não,Não,37.153591,-8.534324,1.0,1.1,1.1,1.1
533,9,1,Contentor semi-enterrado,3000,0.25,Bom,1,Não,Não,37.154074,-8.533358,1.0,3.0,3.0,0.75
534,9,1,Rectangular c/ rodas,1100,0.25,Bom,1,Não,Não,37.154317,-8.533548,1.0,1.1,1.1,0.275
535,9,1,Rectangular c/ rodas,1100,0.25,Razoável,1,Não,Não,37.152203,-8.524663,1.0,1.1,1.1,0.275
536,9,2,Rectangular c/ rodas,1100,0.25,Bom,2,Não,Não,37.153354,-8.525803,1.0,2.2,2.2,0.55
537,9,1,Contentor semi-enterrado,3000,0.25,Bom,1,Não,Não,37.155356,-8.530098,1.0,3.0,3.0,0.75
538,9,2,Rectangular c/ rodas,1100,1.0,Bom,1,Não,Não,37.157451,-8.526301,0.5,2.2,1.1,1.1
539,9,1,Rectangular c/ rodas,1100,1.0,Bom,1,Não,Não,37.157592,-8.52542,1.0,1.1,1.1,1.1
540,9,2,Rectangular c/ rodas,1100,1.0,Bom,2,Não,Não,37.157333,-8.5258,1.0,2.2,2.2,2.2
541,9,1,Rectangular c/ rodas,1100,0.5,Bom,1,Não,Não,37.156451,-8.525971,1.0,1.1,1.1,0.55
542,9,1,Rectangular c/ rodas,120,0.0,Bom,1,Não,Não,37.156352,-8.527018,1.0,0.12,0.12,0.0
543,9,2,Contentor semi-enterrado,3000,0.5,Bom,1,Sim,Não,37.156663,-8.528245,0.5,6.0,3.0,1.5
544,9,1,Rectangular c/ rodas,1100,0.75,Bom,1,Não,Não,37.162386,-8.533784,1.0,1.1,1.1,0.8250000000000001
545,1,1,Contentor semi-enterrado,3000,0.5,Bom,1,Não,Não,37.148107,-8.547763,1.0,3.0,3.0,1.5
546,1,1,Rectangular c/ rodas,1100,0.0,Bom,0,Não,Não,37.148108,-8.547819,0.0,1.1,0.0,0.0
547,1,1,Rectangular c/ rodas,800,0.25,Bom,1,Não,Não,37.128853,-8.546568,1.0,0.8,0.8,0.2
548,1,1,Contentor semi-enterrado,3000,0.5,Bom,1,Não,Não,37.130541,-8.545431,1.0,3.0,3.0,1.5
549,1,2,Rectangular c/ rodas,1100,0.5,Bom,1,Não,Não,37.119344,-8.5507,0.5,2.2,1.1,0.55
550,1,2,Rectangular c/ rodas,1100,0.5,Bom,1,Não,Não,37.119175,-8.550877,0.5,2.2,1.1,0.55
551,1,2,Contentor semi-enterrado,3000,0.75,Bom,1,Não,Não,37.119037,-8.547717,0.5,6.0,3.0,2.25
552,1,3,Contentor semi-enterrado,3000,0.75,Bom,3,Não,Não,37.119481,-8.544628,1.0,9.0,9.0,6.75
553,1,5,Contentor semi-enterrado,3000,0.5,Bom,2,Não,Não,37.118204,-8.543928,0.4,15.0,6.0,3.0
554,1,5,Contentor semi-enterrado,3000,0.75,Bom,4,Não,Não,37.119449,-8.540215,0.8,15.0,12.0,9.0
555,1,5,Contentor semi-enterrado,3000,1.0,Bom,1,Não,Não,37.120377,-8.540675,0.2,15.0,3.0,3.0
556,1,5,Contentor semi-enterrado,3000,0.75,Bom,3,Não,Não,37.119741,-8.541296,0.6,15.0,9.0,6.75
557,1,3,Contentor semi-enterrado,3000,0.75,Bom,2,Não,Não,37.119611,-8.542592,0.6666666666666666,9.0,6.0,4.5
558,1,19,Rectangular c/ rodas,800,1.0,Bom,7,Não,Não,37.121441,-8.537349,0.3684210526315789,15.200000000000001,5.6000000000000005,5.6000000000000005
559,1,3,Contentor semi-enterrado,3000,0.5,Mau,1,Não,Não,37.120888,-8.536227,0.3333333333333333,9.0,3.0,1.5
560,1,3,Contentor semi-enterrado,3000,1.0,Bom,2,Não,Não,37.119728,-8.536057,0.6666666666666666,9.0,6.0,6.0
561,1,4,Contentor semi-enterrado,3000,0.75,Bom,3,Não,Não,37.119744,-8.537135,0.75,12.0,9.0,6.75
562,1,3,Contentor semi-enterrado,3000,1.0,Razoável,2,Não,Não,37.12051,-8.539052,0.6666666666666666,9.0,6.0,6.0
563,1,2,Contentor semi-enterrado,3000,0.5,Bom,1,Não,Não,37.120792,-8.539699,0.5,6.0,3.0,1.5
564,1,2,Contentor semi-enterrado,3000,0.75,Bom,2,Não,Não,37.11877,-8.536434,1.0,6.0,6.0,4.5
565,1,1,Contentor semi-enterrado,3000,0.5,Bom,1,Não,Não,37.118501,-8.534983,1.0,3.0,3.0,1.5
566,1,4,Contentor semi-enterrado,3000,0.75,Bom,3,Não,Não,37.118259,-8.5335,0.75,12.0,9.0,6.75
567,1,1,Contentor semi-enterrado,3000,0.0,Bom,0,Não,Não,37.11707,-8.530672,0.0,3.0,0.0,0.0
568,1,1,Contentor semi-enterrado,3000,0.0,Bom,0,Não,Não,37.117796,-8.530419,0.0,3.0,0.0,0.0
569,1,1,Rectangular c/ rodas,1100,0.5,Bom,1,Não,Não,37.118729,-8.531643,1.0,1.1,1.1,0.55
570,1,4,Contentor semi-enterrado,3000,0.5,Bom,1,Não,Não,37.118679,-8.53326,0.25,12.0,3.0,1.5
571,1,1,Contentor semi-enterrado,3000,0.5,Bom,1,Não,Não,37.119702,-8.5338,1.0,3.0,3.0,1.5
572,1,7,Contentor semi-enterrado,3000,0.75,Bom,5,Não,Não,37.115812,-8.529229,0.7142857142857143,21.0,15.0,11.25
573,1,7,Rectangular c/ rodas,800,0.0,Bom,0,Não,Não,37.119053,-8.529429,0.0,5.6000000000000005,0.0,0.0
574,1,1,Rectangular c/ rodas,800,1.0,Bom,1,Não,Não,37.12187,-8.526688,1.0,0.8,0.8,0.8
575,1,12,Rectangular c/ rodas,800,0.75,Bom,12,Não,Não,37.122161,-8.52872,1.0,9.600000000000001,9.600000000000001,7.200000000000001
576,1,5,Rectangular c/ rodas,1100,0.5,Bom,3,Não,Não,37.12368,-8.527517,0.6,5.5,3.3000000000000003,1.6500000000000001
577,1,1,Rectangular c/ rodas,1100,0.75,Bom,1,Não,Não,37.122948,-8.527113,1.0,1.1,1.1,0.8250000000000001
578,1,4,Contentor semi-enterrado,3000,0.75,Bom,3,Não,Não,37.122501,-8.537407,0.75,12.0,9.0,6.75
579,1,2,Rectangular c/ rodas,800,1.0,Bom,2,Não,Não,37.122251,-8.539391,1.0,1.6,1.6,1.6
580,1,1,Contentor semi-enterrado,3000,0.0,Bom,0,Não,Não,37.122064,-8.539177,0.0,3.0,0.0,0.0
581,1,2,Contentor semi-enterrado,3000,0.75,Bom,2,Não,Não,37.121762,-8.539605,1.0,6.0,6.0,4.5
582,1,2,Rectangular c/ rodas,800,1.0,Bom,2,Não,Não,37.122113,-8.539181,1.0,1.6,1.6,1.6
583,1,2,Contentor semi-enterrado,3000,0.5,Bom,1,Não,Não,37.124403,-8.541682,0.5,6.0,3.0,1.5
584,1,3,Contentor semi-enterrado,3000,0.0,Bom,0,Não,Não,37.124113,-8.5383,0.0,9.0,0.0,0.0
585,1,2,Contentor semi-enterrado,3000,0.5,Bom,2,Não,Não,37.122855,-8.53989,1.0,6.0,6.0,3.0
586,1,1,Contentor semi-enterrado,3000,0.75,Razoável,1,Não,Não,37.121452,-8.540717,1.0,3.0,3.0,2.25
587,1,4,Rectangular c/ rodas,1100,1.0,Bom,4,Não,Não,37.121041,-8.541652,1.0,4.4,4.4,4.4
588,1,4,Contentor semi-enterrado,3000,1.0,Bom,3,Não,Não,37.120928,-8.544252,0.75,12.0,9.0,9.0
589,1,3,Contentor semi-enterrado,3000,0.0,Bom,0,Não,Não,37.121495,-8.545202,0.0,9.0,0.0,0.0
590,1,3,Contentor semi-enterrado,3000,0.5,Bom,2,Não,Não,37.121641,-8.547138,0.6666666666666666,9.0,6.0,3.0
591,1,1,Contentor semi-enterrado,3000,0.5,Bom,1,Não,Não,37.120767,-8.549237,1.0,3.0,3.0,1.5
592,1,2,Contentor semi-enterrado,3000,0.75,Razoável,2,Não,Não,37.119974,-8.549106,1.0,6.0,6.0,4.5
593,1,3,Contentor semi-enterrado,3000,0.0,Razoável,2,Não,Não,37.120456,-8.547772,0.6666666666666666,9.0,6.0,0.0
594,1,3,Contentor semi-enterrado,3000,1.0,Bom,1,Não,Não,37.12035,-8.546267,0.3333333333333333,9.0,3.0,3.0
595,1,2,Contentor semi-enterrado,3000,0.0,Bom,0,Não,Não,37.122844,-8.548213,0.0,6.0,0.0,0.0
596,1,9,Outro,3000,1.0,Bom,9,Não,Não,37.123983,-8.534203,1.0,27.0,27.0,27.0
